"北京市",16,"北京市","    东城区"
,,,"    西城区"
,,,"    朝阳区"
,,,"    丰台区"
,,,"    石景山区"
,,,"    海淀区"
,,,"    门头沟区"
,,,"    房山区"
,,,"    通州区"
,,,"    顺义区"
,,,"    昌平区"
,,,"    大兴区"
,,,"    平谷区"
,,,"    怀柔区"
,,,"    密云县"
,,,"    延庆县"
"天津市",16,"天津市","    和平区"
,,,"    河东区"
,,,"    河西区"
,,,"    南开区"
,,,"    河北区"
,,,"    红桥区"
,,,"滨海新区"
,,,"    东丽区"
,,,"    西青区"
,,,"    津南区"
,,,"    北辰区"
,,,"    武清区"
,,,"    宝坻区"
,,,"    宁河县"
,,,"    静海县"
,,,"    蓟  县"
"河北省",23,"石家庄市","      长安区"
,,,"      桥东区"
,,,"      桥西区"
,,,"      新华区"
,,,"      郊  区"
,,,"      井陉矿区"
,,,"    井陉县"
,,,"    正定县"
,,,"    栾城县"
,,,"    行唐县"
,,,"    灵寿县"
,,,"    高邑县"
,,,"    深泽县"
,,,"    赞皇县"
,,,"    无极县"
,,,"    平山县"
,,,"    元氏县"
,,,"    赵  县"
,,,"    辛集市"
,,,"    藁城市"
,,,"    晋州市"
,,,"    新乐市"
,,,"    鹿泉市"
,15,"唐山市","      路南区"
,,,"      路北区"
,,,"      古冶区"
,,,"      开平区"
,,,"      新  区"
,,,"    丰润县"
,,,"    滦  县"
,,,"    滦南县"
,,,"    乐亭县"
,,,"    迁西县"
,,,"    玉田县"
,,,"    唐海县"
,,,"    遵化市"
,,,"    丰南市"
,,,"    迁安市"
,7,"秦皇岛市","      海港区"
,,,"      山海关区"
,,,"      北戴河区"
,,,"    青龙满族自治县"
,,,"    昌黎县"
,,,"    抚宁县"
,,,"    卢龙县"
,19,"邯郸市","      邯山区"
,,,"      丛台区"
,,,"      复兴区"
,,,"      峰峰矿区"
,,,"    邯郸县"
,,,"    临漳县"
,,,"    成安县"
,,,"    大名县"
,,,"    涉  县"
,,,"    磁  县"
,,,"    肥乡县"
,,,"    永年县"
,,,"    邱  县"
,,,"    鸡泽县"
,,,"    广平县"
,,,"    馆陶县"
,,,"    魏  县"
,,,"    曲周县"
,,,"    武安市"
,19,"邢台市","      桥东区"
,,,"      桥西区"
,,,"    邢台县"
,,,"    临城县"
,,,"    内丘县"
,,,"    柏乡县"
,,,"    隆尧县"
,,,"    任  县"
,,,"    南和县"
,,,"    宁晋县"
,,,"    巨鹿县"
,,,"    新河县"
,,,"    广宗县"
,,,"    平乡县"
,,,"    威  县"
,,,"    清河县"
,,,"    临西县"
,,,"    南宫市"
,,,"    沙河市"
,25,"保定市","      新市区"
,,,"      北市区"
,,,"      南市区"
,,,"    满城县"
,,,"    清苑县"
,,,"    涞水县"
,,,"    阜平县"
,,,"    徐水县"
,,,"    定兴县"
,,,"    唐  县"
,,,"    高阳县"
,,,"    容城县"
,,,"    涞源县"
,,,"    望都县"
,,,"    安新县"
,,,"    易  县"
,,,"    曲阳县"
,,,"    蠡  县"
,,,"    顺平县"
,,,"    博野县"
,,,"    雄  县"
,,,"    涿州市"
,,,"    定州市"
,,,"    安国市"
,,,"    高碑店市"
,17,"张家口市","      桥东区"
,,,"      桥西区"
,,,"      宣化区"
,,,"      下花园区"
,,,"    宣化县"
,,,"    张北县"
,,,"    康保县"
,,,"    沽源县"
,,,"    尚义县"
,,,"    蔚  县"
,,,"    阳原县"
,,,"    怀安县"
,,,"    万全县"
,,,"    怀来县"
,,,"    涿鹿县"
,,,"    赤城县"
,,,"    崇礼县"
,11,"承德市","      双桥区"
,,,"      双滦区"
,,,"      鹰手营子矿区"
,,,"    承德县"
,,,"    兴隆县"
,,,"    平泉县"
,,,"    滦平县"
,,,"    隆化县"
,,,"    丰宁满族自治县"
,,,"    宽城满族自治县"
,,,"    围场满族蒙古族自治县"
,16,"沧州市","      新华区"
,,,"      运河区"
,,,"    沧  县"
,,,"    青  县"
,,,"    东光县"
,,,"    海兴县"
,,,"    盐山县"
,,,"    肃宁县"
,,,"    南皮县"
,,,"    吴桥县"
,,,"    献  县"
,,,"    孟村回族自治县"
,,,"    泊头市"
,,,"    任丘市"
,,,"    黄骅市"
,,,"    河间市"
,9,"廊坊市","      安次区"
,,,"    固安县"
,,,"    永清县"
,,,"    香河县"
,,,"    大城县"
,,,"    文安县"
,,,"    大厂回族自治县"
,,,"    霸州市"
,,,"    三河市"
,11,"衡水市","      桃城区"
,,,"    枣强县"
,,,"    武邑县"
,,,"    武强县"
,,,"    饶阳县"
,,,"    安平县"
,,,"    故城县"
,,,"    景  县"
,,,"    阜城县"
,,,"    冀州市"
,,,"    深州市"
"山西省",10,"太原市","      小店区"
,,,"      迎泽区"
,,,"      杏花岭区"
,,,"      尖草坪区"
,,,"      万柏林区"
,,,"      晋源区"
,,,"    清徐县"
,,,"    阳曲县"
,,,"    娄烦县"
,,,"    古交市"
,11,"大同市","      城  区"
,,,"      矿  区"
,,,"      南郊区"
,,,"      新荣区"
,,,"    阳高县"
,,,"    天镇县"
,,,"    广灵县"
,,,"    灵丘县"
,,,"    浑源县"
,,,"    左云县"
,,,"    大同县"
,5,"阳泉市","      城  区"
,,,"      矿  区"
,,,"      郊  区"
,,,"    平定县"
,,,"    盂  县"
,13,"长治市","      城  区"
,,,"      郊  区"
,,,"    长治县"
,,,"    襄垣县"
,,,"    屯留县"
,,,"    平顺县"
,,,"    黎城县"
,,,"    壶关县"
,,,"    长子县"
,,,"    武乡县"
,,,"    沁  县"
,,,"    沁源县"
,,,"    潞城市"
,6,"晋城市","      城  区"
,,,"    沁水县"
,,,"    阳城县"
,,,"    陵川县"
,,,"    泽州县"
,,,"    高平市"
,6,"朔州市","      朔城区"
,,,"      平鲁区"
,,,"    山阴县"
,,,"    应  县"
,,,"    右玉县"
,,,"    怀仁县"
,14,"忻州市","    忻府区"
,,,"    原平市"
,,,"    定襄县"
,,,"    五台县"
,,,"    代  县"
,,,"    繁峙县"
,,,"    宁武县"
,,,"    静乐县"
,,,"    神池县"
,,,"    五寨县"
,,,"    岢岚县"
,,,"    河曲县"
,,,"    保德县"
,,,"    偏关县"
,13,"吕梁市","    离石区"
,,,"    孝义市"
,,,"    汾阳市"
,,,"    文水县"
,,,"    交城县"
,,,"    兴  县"
,,,"    临  县"
,,,"    柳林县"
,,,"    石楼县"
,,,"    岚  县"
,,,"    方山县"
,,,"    中阳县"
,,,"    交口县"
,11,"晋中市","    榆次市"
,,,"    介休市"
,,,"    榆社县"
,,,"    左权县"
,,,"    和顺县"
,,,"    昔阳县"
,,,"    寿阳县"
,,,"    太谷县"
,,,"    祁  县"
,,,"    平遥县"
,,,"    灵石县"
,17,"临汾市","    临汾市"
,,,"    侯马市"
,,,"    霍州市"
,,,"    曲沃县"
,,,"    翼城县"
,,,"    襄汾县"
,,,"    洪洞县"
,,,"    古  县"
,,,"    安泽县"
,,,"    浮山县"
,,,"    吉  县"
,,,"    乡宁县"
,,,"    蒲  县"
,,,"    大宁县"
,,,"    永和县"
,,,"    隰  县"
,,,"    汾西县"
,13,"运城市","    运城市"
,,,"    永济市"
,,,"    河津市"
,,,"    芮城县"
,,,"    临猗县"
,,,"    万荣县"
,,,"    新绛县"
,,,"    稷山县"
,,,"    闻喜县"
,,,"    夏  县"
,,,"    绛  县"
,,,"    平陆县"
,,,"    垣曲县"
"内蒙古",9,"呼和浩特市","      新城区"
,,,"      回民区"
,,,"      玉泉区"
,,,"      郊  区"
,,,"    土默特左旗"
,,,"    托克托县"
,,,"    和林格尔县"
,,,"    清水河县"
,,,"    武川县"
,9,"包头市","      东河区"
,,,"      昆都伦区"
,,,"      青山区"
,,,"      石拐矿区"
,,,"      白云矿区"
,,,"      郊  区"
,,,"    土默特右旗"
,,,"    固阳县"
,,,"    达尔罕茂明安联合旗"
,3,"乌海市","      海勃湾区"
,,,"      海南区"
,,,"      乌达区"
,12,"赤峰市","      红山区"
,,,"      元宝山区"
,,,"      松山区"
,,,"    阿鲁科尔沁旗"
,,,"    巴林左旗"
,,,"    巴林右旗"
,,,"    林西县"
,,,"    克什克腾旗"
,,,"    翁牛特旗"
,,,"    喀喇沁旗"
,,,"    宁城县"
,,,"    敖汉旗"
,13,"呼伦贝尔市","    海拉尔市"
,,,"    满洲里市"
,,,"    扎兰屯市"
,,,"    牙克石市"
,,,"    根河市"
,,,"    额尔古纳市"
,,,"    阿荣旗"
,,,"    莫力达瓦达斡尔族自治旗"
,,,"    鄂伦春自治旗"
,,,"    鄂温克族自治旗"
,,,"    新巴尔虎右旗"
,,,"    新巴尔虎左旗"
,,,"    陈巴尔虎旗"
,6,"兴安盟","    乌兰浩特市"
,,,"    阿尔山市"
,,,"    科尔沁右翼前旗"
,,,"    科尔沁右翼中旗"
,,,"    扎赉特旗"
,,,"    突泉县"
,8,"通辽市","    科尔沁区"
,,,"    霍林郭勒市"
,,,"    科尔沁左翼中旗"
,,,"    科尔沁左翼后旗"
,,,"    开鲁县"
,,,"    库伦旗"
,,,"    奈曼旗"
,,,"    扎鲁特旗"
,12,"锡林郭勒盟","    二连浩特市"
,,,"    锡林浩特市"
,,,"    阿巴嘎旗"
,,,"    苏尼特左旗"
,,,"    苏尼特右旗"
,,,"    东乌珠穆沁旗"
,,,"    西乌珠穆沁旗"
,,,"    太仆寺旗"
,,,"    镶黄旗"
,,,"    正镶白旗"
,,,"    正蓝旗"
,,,"    多伦县"
,11,"乌兰察布市","    集宁市"
,,,"    丰镇市"
,,,"    卓资县"
,,,"    化德县"
,,,"    商都县"
,,,"    兴和县"
,,,"    凉城县"
,,,"    察哈尔右翼前旗"
,,,"    察哈尔右翼中旗"
,,,"    察哈尔右翼后旗"
,,,"    四子王旗"
,8,"鄂尔多斯市","    东胜市"
,,,"    达拉特旗"
,,,"    准格尔旗"
,,,"    鄂托克前旗"
,,,"    鄂托克旗"
,,,"    杭锦旗"
,,,"    乌审旗"
,,,"    伊金霍洛旗"
,7,"巴彦淖尔市","    临河市"
,,,"    五原县"
,,,"    磴口县"
,,,"    乌拉特前旗"
,,,"    乌拉特中旗"
,,,"    乌拉特后旗"
,,,"    杭锦后旗"
,3,"阿拉善盟","    阿拉善左旗"
,,,"    阿拉善右旗"
,,,"    额济纳旗"
"辽宁省",13,"沈阳市","      和平区"
,,,"      沈河区"
,,,"      大东区"
,,,"      皇姑区"
,,,"      铁西区"
,,,"      苏家屯区"
,,,"      东陵区"
,,,"      新城子区"
,,,"      于洪区"
,,,"    辽中县"
,,,"    康平县"
,,,"    法库县"
,,,"    新民市"
,10,"大连市","      中山区"
,,,"      西岗区"
,,,"      沙河口区"
,,,"      甘井子区"
,,,"      旅顺口区"
,,,"      金州区"
,,,"    长海县"
,,,"    瓦房店市"
,,,"    普兰店市"
,,,"    庄河市"
,7,"鞍山市","      铁东区"
,,,"      铁西区"
,,,"      立山区"
,,,"      千山区"
,,,"    台安县"
,,,"    岫岩满族自治县"
,,,"    海城市"
,7,"抚顺市","      新抚区"
,,,"      露天区"
,,,"      望花区"
,,,"      顺城区"
,,,"    抚顺县"
,,,"    新宾满族自治县"
,,,"    清原满族自治县"
,6,"本溪市","      平山区"
,,,"      溪湖区"
,,,"      明山区"
,,,"      南芬区"
,,,"    本溪满族自治县"
,,,"    桓仁满族自治县"
,6,"丹东市","      元宝区"
,,,"      振兴区"
,,,"      振安区"
,,,"    宽甸满族自治县"
,,,"    东港市"
,,,"    凤城市"
,7,"锦州市","      古塔区"
,,,"      凌河区"
,,,"      太和区"
,,,"    黑山县"
,,,"    义  县"
,,,"    凌海市"
,,,"    北宁市"
,6,"营口市","      站前区"
,,,"      西市区"
,,,"      鲅鱼圈区"
,,,"      老边区"
,,,"    盖州市"
,,,"    大石桥市"
,7,"阜新市","      海州区"
,,,"      新邱区"
,,,"      太平区"
,,,"      清河门区"
,,,"      细河区"
,,,"    阜新蒙古族自治县"
,,,"    彰武县"
,7,"辽阳市","      白塔区"
,,,"      文圣区"
,,,"      宏伟区"
,,,"      弓长岭区"
,,,"      太子河区"
,,,"    辽阳县"
,,,"    灯塔市"
,4,"盘锦市","      双台子区"
,,,"      兴隆台区"
,,,"    大洼县"
,,,"    盘山县"
,7,"铁岭市","      银州区"
,,,"      清河区"
,,,"    铁岭县"
,,,"    西丰县"
,,,"    昌图县"
,,,"    铁法市"
,,,"    开原市"
,7,"朝阳市","      双塔区"
,,,"      龙城区"
,,,"    朝阳县"
,,,"    建平县"
,,,"    喀喇沁左翼蒙古族自治县"
,,,"    北票市"
,,,"    凌源市"
,6,"葫芦岛市","      连山区"
,,,"      龙港区"
,,,"      南票区"
,,,"    绥中县"
,,,"    建昌县"
,,,"    兴城市"
"吉林省",10,"长春市","      南关区"
,,,"      宽城区"
,,,"      朝阳区"
,,,"      二道区"
,,,"      绿园区"
,,,"      双阳区"
,,,"    农安县"
,,,"    九台市"
,,,"    榆树市"
,,,"    德惠市"
,9,"吉林市","      昌邑区"
,,,"      龙潭区"
,,,"      船营区"
,,,"      丰满区"
,,,"    永吉县"
,,,"    蛟河市"
,,,"    桦甸市"
,,,"    舒兰市"
,,,"    磐石市"
,6,"四平市","      铁西区"
,,,"      铁东区"
,,,"    梨树县"
,,,"    伊通满族自治县"
,,,"    公主岭市"
,,,"    双辽市"
,4,"辽源市","      龙山区"
,,,"      西安区"
,,,"    东丰县"
,,,"    东辽县"
,7,"通化市","      东昌区"
,,,"      二道江区"
,,,"    通化县"
,,,"    辉南县"
,,,"    柳河县"
,,,"    梅河口市"
,,,"    集安市"
,6,"白山市","      八道江区"
,,,"    抚松县"
,,,"    靖宇县"
,,,"    长白朝鲜族自治县"
,,,"    江源县"
,,,"    临江市"
,5,"松原市","      宁江区"
,,,"    前郭尔罗斯蒙古族自治县"
,,,"    长岭县"
,,,"    乾安县"
,,,"    扶余县"
,5,"白城市","      洮北区"
,,,"    镇赉县"
,,,"    通榆县"
,,,"    洮南市"
,,,"    大安市"
,8,"延边朝鲜族自治州","    延吉市"
,,,"    图们市"
,,,"    敦化市"
,,,"    珲春市"
,,,"    龙井市"
,,,"    和龙市"
,,,"    汪清县"
,,,"    安图县"
"黑龙江省",18,"哈尔滨市","      道里区"
,,,"      南岗区"
,,,"      道外区"
,,,"      松北区"
,,,"      香坊区"
,,,"      阿成区"
,,,"      平房区"
,,,"      呼兰区"
,,,"    依兰县"
,,,"    方正县"
,,,"    宾  县"
,,,"    巴彦县"
,,,"    木兰县"
,,,"    通河县"
,,,"    延寿县"
,,,"    双城市"
,,,"    尚志市"
,,,"    五常市"
,16,"齐齐哈尔市","      龙沙区"
,,,"      建华区"
,,,"      铁锋区"
,,,"      昂昂溪区"
,,,"      富拉尔基区"
,,,"      碾子山区"
,,,"      梅里斯达斡尔族区"
,,,"    龙江县"
,,,"    依安县"
,,,"    泰来县"
,,,"    甘南县"
,,,"    富裕县"
,,,"    克山县"
,,,"    克东县"
,,,"    拜泉县"
,,,"    讷河市"
,9,"鸡西市","      鸡冠区"
,,,"      恒山区"
,,,"      滴道区"
,,,"      梨树区"
,,,"      城子河区"
,,,"      麻山区"
,,,"    鸡东县"
,,,"    虎林市"
,,,"    密山市"
,8,"鹤岗市","      向阳区"
,,,"      工农区"
,,,"      南山区"
,,,"      兴安区"
,,,"      东山区"
,,,"      兴山区"
,,,"    萝北县"
,,,"    绥滨县"
,8,"双鸭山市","      尖山区"
,,,"      岭东区"
,,,"      四方台区"
,,,"      宝山区"
,,,"    集贤县"
,,,"    友谊县"
,,,"    宝清县"
,,,"    饶河县"
,9,"大庆市","      萨尔图区"
,,,"      龙凤区"
,,,"      让胡路区"
,,,"      红岗区"
,,,"      大同区"
,,,"    肇州县"
,,,"    肇源县"
,,,"    林甸县"
,,,"    杜尔伯特蒙古族自治县"
,17,"伊春市","      伊春区"
,,,"      南岔区"
,,,"      友好区"
,,,"      西林区"
,,,"      翠峦区"
,,,"      新青区"
,,,"      美溪区"
,,,"      金山屯区"
,,,"      五营区"
,,,"      乌马河区"
,,,"      汤旺河区"
,,,"      带岭区"
,,,"      乌伊岭区"
,,,"      红星区"
,,,"      上甘岭区"
,,,"    嘉荫县"
,,,"    铁力市"
,10,"佳木斯市","      向阳区"
,,,"      前进区"
,,,"      东风区"
,,,"      郊  区"
,,,"    桦南县"
,,,"    桦川县"
,,,"    汤原县"
,,,"    抚远县"
,,,"    同江市"
,,,"    富锦市"
,4,"七台河市","      新兴区"
,,,"      桃山区"
,,,"      茄子河区"
,,,"    勃利县"
,10,"牡丹江市","      东安区"
,,,"      阳明区"
,,,"      爱民区"
,,,"      西安区"
,,,"    东宁县"
,,,"    林口县"
,,,"    绥芬河市"
,,,"    海林市"
,,,"    宁安市"
,,,"    穆棱市"
,6,"黑河市","      爱辉区"
,,,"    嫩江县"
,,,"    逊克县"
,,,"    孙吴县"
,,,"    北安市"
,,,"    五大连池市"
,10,"绥化市","    绥化市"
,,,"    安达市"
,,,"    肇东市"
,,,"    海伦市"
,,,"    望奎县"
,,,"    兰西县"
,,,"    青冈县"
,,,"    庆安县"
,,,"    明水县"
,,,"    绥棱县"
,3,"大兴安岭地区","    呼玛县"
,,,"    塔河县"
,,,"    漠河县"
"上海市",17,"上海市","浦东新区"
,,,"徐汇区"
,,,"黄浦区"
,,,"杨浦区"
,,,"虹口区"
,,,"闵行区"
,,,"长宁区"
,,,"普陀区"
,,,"宝山区"
,,,"静安区"
,,,"闸北区"
,,,"松江区"
,,,"嘉定区"
,,,"金山区"
,,,"青浦区"
,,,"奉贤区"
,,,"崇明县"
"江苏省",13,"南京市","      玄武区"
,,,"      白下区"
,,,"      秦淮区"
,,,"      建邺区"
,,,"      鼓楼区"
,,,"      下关区"
,,,"      浦口区"
,,,"      栖霞区"
,,,"      雨花台区"
,,,"      江宁区"
,,,"      六合区"
,,,"    溧水县"
,,,"    高淳县"
,8,"无锡市","      崇安区"
,,,"      南长区"
,,,"      北塘区"
,,,"      郊  区"
,,,"      马山区"
,,,"    江阴市"
,,,"    宜兴市"
,,,"    锡山市"
,11,"徐州市","      鼓楼区"
,,,"      云龙区"
,,,"      九里区"
,,,"      贾汪区"
,,,"      泉山区"
,,,"    丰  县"
,,,"    沛  县"
,,,"    铜山县"
,,,"    睢宁县"
,,,"    新沂市"
,,,"    邳州市"
,7,"常州市","      天宁区"
,,,"      钟楼区"
,,,"      戚墅堰区"
,,,"      郊  区"
,,,"    溧阳市"
,,,"    金坛市"
,,,"    武进市"
,10,"苏州市","      沧浪区"
,,,"      平江区"
,,,"      金阊区"
,,,"      郊  区"
,,,"    常熟市"
,,,"    张家港市"
,,,"    昆山市"
,,,"    吴江市"
,,,"    太仓市"
,,,"    吴县市"
,8,"南通市","      崇川区"
,,,"      港闸区"
,,,"    海安县"
,,,"    如东县"
,,,"    启东市"
,,,"    如皋市"
,,,"    通州市"
,,,"    海门市"
,8,"连云港市","      连云区"
,,,"      云台区"
,,,"      新浦区"
,,,"      海州区"
,,,"    赣榆县"
,,,"    东海县"
,,,"    灌云县"
,,,"    灌南县"
,8,"淮安市","      清河区"
,,,"      清浦区"
,,,"    淮阴县"
,,,"    涟水县"
,,,"    洪泽县"
,,,"    盱眙县"
,,,"    金湖县"
,,,"    淮安市"
,9,"盐城市","      城  区"
,,,"    响水县"
,,,"    滨海县"
,,,"    阜宁县"
,,,"    射阳县"
,,,"    建湖县"
,,,"    盐都县"
,,,"    东台市"
,,,"    大丰市"
,7,"扬州市","      广陵区"
,,,"      郊  区"
,,,"    宝应县"
,,,"    邗江县"
,,,"    仪征市"
,,,"    高邮市"
,,,"    江都市"
,6,"镇江市","      京口区"
,,,"      润州区"
,,,"    丹徒县"
,,,"    丹阳市"
,,,"    扬中市"
,,,"    句容市"
,6,"泰州市","      海陵区"
,,,"      高港区"
,,,"    兴化市"
,,,"    靖江市"
,,,"    泰兴市"
,,,"    姜堰市"
,5,"宿迁市","      宿城区"
,,,"    宿豫县"
,,,"    沭阳县"
,,,"    泗阳县"
,,,"    泗洪县"
"浙江省",13,"杭州市","      上城区"
,,,"      下城区"
,,,"      江干区"
,,,"      拱墅区"
,,,"      西湖区"
,,,"      滨江区"
,,,"    桐庐县"
,,,"    淳安县"
,,,"    萧山市"
,,,"    建德市"
,,,"    富阳市"
,,,"    余杭市"
,,,"    临安市"
,11,"宁波市","      海曙区"
,,,"      江东区"
,,,"      江北区"
,,,"      北仑区"
,,,"      镇海区"
,,,"    象山县"
,,,"    宁海县"
,,,"    鄞  县"
,,,"    余姚市"
,,,"    慈溪市"
,,,"    奉化市"
,11,"温州市","      鹿城区"
,,,"      龙湾区"
,,,"      瓯海区"
,,,"    洞头县"
,,,"    永嘉县"
,,,"    平阳县"
,,,"    苍南县"
,,,"    文成县"
,,,"    泰顺县"
,,,"    瑞安市"
,,,"    乐清市"
,7,"嘉兴市","      秀城区"
,,,"      郊  区"
,,,"    嘉善县"
,,,"    海盐县"
,,,"    海宁市"
,,,"    平湖市"
,,,"    桐乡市"
,5,"湖州市","      吴兴区"
,,,"      南浔区"
,,,"    德清县"
,,,"    长兴县"
,,,"    安吉县"
,6,"绍兴市","      越城区"
,,,"    绍兴县"
,,,"    新昌县"
,,,"    诸暨市"
,,,"    上虞市"
,,,"    嵊州市"
,9,"金华市","      婺城区"
,,,"    金华县"
,,,"    武义县"
,,,"    浦江县"
,,,"    磐安县"
,,,"    兰溪市"
,,,"    义乌市"
,,,"    东阳市"
,,,"    永康市"
,6,"衢州市","      柯城区"
,,,"    衢  县"
,,,"    常山县"
,,,"    开化县"
,,,"    龙游县"
,,,"    江山市"
,4,"舟山市","      定海区"
,,,"      普陀区"
,,,"    岱山县"
,,,"    嵊泗县"
,9,"台州市","      椒江区"
,,,"      黄岩区"
,,,"      路桥区"
,,,"    玉环县"
,,,"    三门县"
,,,"    天台县"
,,,"    仙居县"
,,,"    温岭市"
,,,"    临海市"
,9,"丽水市","    丽水市"
,,,"    龙泉市"
,,,"    青田县"
,,,"    云和县"
,,,"    庆元县"
,,,"    缙云县"
,,,"    遂昌县"
,,,"    松阳县"
,,,"    景宁畲族自治县"
"安徽省",9,"合肥市","瑶海区"
,,,"庐阳区"
,,,"蜀山区"
,,,"包河区"
,,,"长丰区"
,,,"肥东县"
,,,"肥西县"
,,,"庐江县"
,,,"巢湖市"
,7,"芜湖市","      镜湖区"
,,,"戈江区"
,,,"三山区"
,,,"      鸠江区"
,,,"    芜湖县"
,,,"    繁昌县"
,,,"无为县"
,,,"    南陵县"
,7,"蚌埠市","龙子湖区"
,,,"蚌山区"
,,,"禹会区"
,,,"淮上区"
,,,"    怀远县"
,,,"    五河县"
,,,"    固镇县"
,6,"淮南市","      大通区"
,,,"      田家庵区"
,,,"      谢家集区"
,,,"      八公山区"
,,,"      潘集区"
,,,"    凤台县"
,6,"马鞍山市","      金家庄区"
,,,"      花山区"
,,,"      雨山区"
,,,"    当涂县"
,,,"含山县"
,,,"和县"
,4,"淮北市","      杜集区"
,,,"      相山区"
,,,"      烈山区"
,,,"    濉溪县"
,4,"铜陵市","      铜官山区"
,,,"      狮子山区"
,,,"      郊  区"
,,,"    铜陵县"
,11,"安庆市","      迎江区"
,,,"      大观区"
,,,"宜秀区"
,,,"    怀宁县"
,,,"    枞阳县"
,,,"    潜山县"
,,,"    太湖县"
,,,"    宿松县"
,,,"    望江县"
,,,"    岳西县"
,,,"    桐城市"
,7,"黄山市","      屯溪区"
,,,"      黄山区"
,,,"      徽州区"
,,,"    歙  县"
,,,"    休宁县"
,,,"    黟  县"
,,,"    祁门县"
,8,"滁州市","      琅琊区"
,,,"      南谯区"
,,,"    来安县"
,,,"    全椒县"
,,,"    定远县"
,,,"    凤阳县"
,,,"    天长市"
,,,"    明光市"
,8,"阜阳市","      颍州区"
,,,"      颍东区"
,,,"      颍泉区"
,,,"    临泉县"
,,,"    太和县"
,,,"    阜南县"
,,,"    颍上县"
,,,"    界首市"
,5,"宿州市","       墉桥区"
,,,"    砀山县"
,,,"    萧  县"
,,,"    灵璧县"
,,,"    泗  县"
,7,"六安市","    金安区"
,,,"    裕安区"
,,,"    寿  县"
,,,"    霍邱县"
,,,"    舒城县"
,,,"    金寨县"
,,,"    霍山县"
,7,"宣城市","    宣州区"
,,,"    宁国市"
,,,"    郎溪县"
,,,"    广德县"
,,,"    泾  县"
,,,"    旌德县"
,,,"    绩溪县"
,5,"毫州市","谯城区"
,,,"涡阳县"
,,,"蒙城县"
,,,"利辛县"
,4,"池州市","    贵池区"
,,,"    东至县"
,,,"    石台县"
,,,"    青阳县"
"福建省",13,"福州市","鼓楼区"
,,,"台江区"
,,,"仓山区"
,,,"马尾区"
,,,"晋安区"
,,,"闽侯县"
,,,"连江县"
,,,"罗源县"
,,,"闽清县"
,,,"永泰县"
,,,"平潭县"
,,,"福清市"
,,,"长乐市"
,6,"厦门市","思明区 "
,,,"海沧区"
,,,"湖里区"
,,,"集美区"
,,,"同安区"
,,,"翔安区"
,9,"宁德市","蕉城区"
,,,"霞浦县"
,,,"古田县"
,,,"屏南县"
,,,"寿宁县"
,,,"周宁县"
,,,"柘荣县"
,,,"福安市"
,,,"福鼎市"
,5,"莆田市","城厢区"
,,,"涵江区"
,,,"荔城区"
,,,"秀屿区"
,,,"仙游县"
,12,"泉州市","鲤城区"
,,,"丰泽区"
,,,"洛江区"
,,,"泉港区"
,,,"惠安县"
,,,"安溪县"
,,,"永春县"
,,,"德化县"
,,,"金门县"
,,,"石狮市"
,,,"晋江市"
,,,"南安市"
,11,"漳州市","芗城区"
,,,"龙文区"
,,,"云霄县"
,,,"漳浦县"
,,,"诏安县"
,,,"长泰县"
,,,"东山县"
,,,"南靖县"
,,,"平和县"
,,,"华安县"
,,,"龙海市"
,7,"龙岩","新罗区"
,,,"长汀县"
,,,"永定县"
,,,"上杭县"
,,,"武平县"
,,,"连城县"
,,,"漳平市"
,12,"三明市","梅列区"
,,,"三元区"
,,,"明溪县"
,,,"清流县"
,,,"宁化县"
,,,"大田县"
,,,"尤溪县"
,,,"沙　县"
,,,"将乐县"
,,,"泰宁县"
,,,"建宁县"
,,,"永安市"
,10,"南平市","延平区"
,,,"顺昌县"
,,,"浦城县"
,,,"光泽县"
,,,"松溪县"
,,,"政和县"
,,,"邵武市"
,,,"武夷山市"
,,,"建瓯市"
,,,"建阳市"
"江西省",9,"南昌市","      东湖区"
,,,"      西湖区"
,,,"      青云谱区"
,,,"      湾里区"
,,,"      郊  区"
,,,"    南昌县"
,,,"    新建县"
,,,"    安义县"
,,,"    进贤县"
,4,"景德镇市","      昌江区"
,,,"      珠山区"
,,,"    浮梁县"
,,,"    乐平市"
,5,"萍乡市","      安源区"
,,,"      湘东区"
,,,"    莲花县"
,,,"    上栗县"
,,,"    芦溪县"
,12,"九江市","      庐山区"
,,,"      浔阳区"
,,,"    九江县"
,,,"    武宁县"
,,,"    修水县"
,,,"    永修县"
,,,"    德安县"
,,,"    星子县"
,,,"    都昌县"
,,,"    湖口县"
,,,"    彭泽县"
,,,"    瑞昌市"
,2,"新余市","      渝水区"
,,,"    分宜县"
,3,"鹰潭市","      月湖区"
,,,"    余江县"
,,,"    贵溪市"
,18,"赣州市","        章贡区"
,,,"    赣  县"
,,,"    信丰县"
,,,"    大余县"
,,,"    上犹县"
,,,"    崇义县"
,,,"    安远县"
,,,"    龙南县"
,,,"    定南县"
,,,"    全南县"
,,,"    宁都县"
,,,"    于都县"
,,,"    兴国县"
,,,"    会昌县"
,,,"    寻乌县"
,,,"    石城县"
,,,"    瑞金市"
,,,"    南康市"
,10,"宜春市","    宜春市"
,,,"    丰城市"
,,,"    樟树市"
,,,"    高安市"
,,,"    奉新县"
,,,"    万载县"
,,,"    上高县"
,,,"    宜丰县"
,,,"    靖安县"
,,,"    铜鼓县"
,12,"上饶市","    上饶市"
,,,"    德兴市"
,,,"    上饶县"
,,,"    广丰县"
,,,"    玉山县"
,,,"    铅山县"
,,,"    横峰县"
,,,"    弋阳县"
,,,"    余干县"
,,,"    波阳县"
,,,"    万年县"
,,,"    婺源县"
,13,"吉安市","    吉安市"
,,,"    井冈山市"
,,,"    吉安县"
,,,"    吉水县"
,,,"    峡江县"
,,,"    新干县"
,,,"    永丰县"
,,,"    泰和县"
,,,"    遂川县"
,,,"    万安县"
,,,"    安福县"
,,,"    永新县"
,,,"    宁冈县"
,12,"抚州市","    临川市"
,,,"    南城县"
,,,"    黎川县"
,,,"    南丰县"
,,,"    崇仁县"
,,,"    乐安县"
,,,"    宜黄县"
,,,"    金溪县"
,,,"    资溪县"
,,,"    东乡县"
,,,"    广昌县"
"山东省",10,"济南市","      历下区"
,,,"      市中区"
,,,"      槐荫区"
,,,"      天桥区"
,,,"      历城区"
,,,"    长清县"
,,,"    平阴县"
,,,"    济阳县"
,,,"    商河县"
,,,"    章丘市"
,12,"青岛市","      市南区"
,,,"      市北区"
,,,"      四方区"
,,,"      黄岛区"
,,,"      崂山区"
,,,"      李沧区"
,,,"      城阳区"
,,,"    胶州市"
,,,"    即墨市"
,,,"    平度市"
,,,"    胶南市"
,,,"    莱西市"
,8,"淄博市","      淄川区"
,,,"      张店区"
,,,"      博山区"
,,,"      临淄区"
,,,"      周村区"
,,,"    桓台县"
,,,"    高青县"
,,,"    沂源县"
,6,"枣庄市","      市中区"
,,,"      薛城区"
,,,"      峄城区"
,,,"      台儿庄区"
,,,"      山亭区"
,,,"    滕州市"
,5,"东营市","      东营区"
,,,"      河口区"
,,,"    垦利县"
,,,"    利津县"
,,,"    广饶县"
,12,"烟台市","      芝罘区"
,,,"      福山区"
,,,"      牟平区"
,,,"      莱山区"
,,,"    长岛县"
,,,"    龙口市"
,,,"    莱阳市"
,,,"    莱州市"
,,,"    蓬莱市"
,,,"    招远市"
,,,"    栖霞市"
,,,"    海阳市"
,12,"潍坊市","      潍城区"
,,,"      寒亭区"
,,,"      坊子区"
,,,"      奎文区"
,,,"    临朐县"
,,,"    昌乐县"
,,,"    青州市"
,,,"    诸城市"
,,,"    寿光市"
,,,"    安丘市"
,,,"    高密市"
,,,"    昌邑市"
,12,"济宁市","      市中区"
,,,"      任城区"
,,,"    微山县"
,,,"    鱼台县"
,,,"    金乡县"
,,,"    嘉祥县"
,,,"    汶上县"
,,,"    泗水县"
,,,"    梁山县"
,,,"    曲阜市"
,,,"    兖州市"
,,,"    邹城市"
,6,"泰安市","      泰山区"
,,,"      郊  区"
,,,"    宁阳县"
,,,"    东平县"
,,,"    新泰市"
,,,"    肥城市"
,4,"威海市","      环翠区"
,,,"    文登市"
,,,"    荣成市"
,,,"    乳山市"
,4,"日照市","      东港区"
,,,"      岚山区"
,,,"    五莲县"
,,,"    莒  县"
,2,"莱芜市","      莱城区"
,,,"      钢城区"
,12,"临沂市","      兰山区"
,,,"      罗庄区"
,,,"      河东区"
,,,"    沂南县"
,,,"    郯城县"
,,,"    沂水县"
,,,"    苍山县"
,,,"    费  县"
,,,"    平邑县"
,,,"    莒南县"
,,,"    蒙阴县"
,,,"    临沭县"
,11,"德州市","      德城区"
,,,"    陵  县"
,,,"    宁津县"
,,,"    庆云县"
,,,"    临邑县"
,,,"    齐河县"
,,,"    平原县"
,,,"    夏津县"
,,,"    武城县"
,,,"    乐陵市"
,,,"    禹城市"
,8,"聊城市","      东昌府区"
,,,"    阳谷县"
,,,"    莘  县"
,,,"    茌平县"
,,,"    东阿县"
,,,"    冠  县"
,,,"    高唐县"
,,,"    临清市"
,7,"滨州地区","    滨州市"
,,,"    惠民县"
,,,"    阳信县"
,,,"    无棣县"
,,,"    沾化县"
,,,"    博兴县"
,,,"    邹平县"
,9,"菏泽地区","    菏泽市"
,,,"    曹  县"
,,,"    定陶县"
,,,"    成武县"
,,,"    单  县"
,,,"    巨野县"
,,,"    郓城县"
,,,"    鄄城县"
,,,"    东明县"
"河南省",12,"郑州市","      中原区"
,,,"      二七区"
,,,"      管城回族区"
,,,"      金水区"
,,,"      上街区"
,,,"      邙山区"
,,,"    中牟县"
,,,"    巩义市"
,,,"    荥阳市"
,,,"    新密市"
,,,"    新郑市"
,,,"    登封市"
,10,"开封市","      龙亭区"
,,,"      顺河回族区"
,,,"      鼓楼区"
,,,"      南关区"
,,,"      郊  区"
,,,"    杞  县"
,,,"    通许县"
,,,"    尉氏县"
,,,"    开封县"
,,,"    兰考县"
,15,"洛阳市","      老城区"
,,,"      西工区"
,,,"      廛河回族区"
,,,"      涧西区"
,,,"      吉利区"
,,,"      郊  区"
,,,"    孟津县"
,,,"    新安县"
,,,"    栾川县"
,,,"    嵩  县"
,,,"    汝阳县"
,,,"    宜阳县"
,,,"    洛宁县"
,,,"    伊川县"
,,,"    偃师市"
,10,"平顶山市","      新华区"
,,,"      卫东区"
,,,"      石龙区"
,,,"      湛河区"
,,,"    宝丰县"
,,,"    叶  县"
,,,"    鲁山县"
,,,"    郏  县"
,,,"    舞钢市"
,,,"    汝州市"
,9,"安阳市","      文峰区"
,,,"      北关区"
,,,"      铁西区"
,,,"      郊  区"
,,,"    安阳县"
,,,"    汤阴县"
,,,"    滑  县"
,,,"    内黄县"
,,,"    林州市"
,5,"鹤壁市","      鹤山区"
,,,"      山城区"
,,,"      郊  区"
,,,"    浚  县"
,,,"    淇  县"
,12,"新乡市","      红旗区"
,,,"      新华区"
,,,"      北站区"
,,,"      郊  区"
,,,"    新乡县"
,,,"    获嘉县"
,,,"    原阳县"
,,,"    延津县"
,,,"    封丘县"
,,,"    长垣县"
,,,"    卫辉市"
,,,"    辉县市"
,10,"焦作市","      解放区"
,,,"      中站区"
,,,"      马村区"
,,,"      山阳区"
,,,"    修武县"
,,,"    博爱县"
,,,"    武陟县"
,,,"    温  县"
,,,"    沁阳市"
,,,"    孟州市"
,6,"濮阳市","      华龙区"
,,,"    清丰县"
,,,"    南乐县"
,,,"    范  县"
,,,"    台前县"
,,,"    濮阳县"
,6,"许昌市","      魏都区"
,,,"    许昌县"
,,,"    鄢陵县"
,,,"    襄城县"
,,,"    禹州市"
,,,"    长葛市"
,5,"漯河市","      源汇区"
,,,"      郾城区"
,,,"      召陵区"
,,,"    舞阳县"
,,,"    临颍县"
,6,"三门峡市","      湖滨区"
,,,"    渑池县"
,,,"    陕  县"
,,,"    卢氏县"
,,,"    义马市"
,,,"    灵宝市"
,13,"南阳市","      宛城区"
,,,"      卧龙区"
,,,"    南召县"
,,,"    方城县"
,,,"    西峡县"
,,,"    镇平县"
,,,"    内乡县"
,,,"    淅川县"
,,,"    社旗县"
,,,"    唐河县"
,,,"    新野县"
,,,"    桐柏县"
,,,"    邓州市"
,9,"商丘市","      梁园区"
,,,"      睢阳区"
,,,"    民权县"
,,,"    睢  县"
,,,"    宁陵县"
,,,"    柘城县"
,,,"    虞城县"
,,,"    夏邑县"
,,,"    永城市"
,10,"信阳市","    浉河区"
,,,"    平桥区"
,,,"    罗山县"
,,,"    光山县"
,,,"    新  县"
,,,"    商城县"
,,,"    固始县"
,,,"    潢川县"
,,,"    淮滨县"
,,,"    息  县"
,10,"周口市","    周口市"
,,,"    项城市"
,,,"    扶沟县"
,,,"    西华县"
,,,"    商水县"
,,,"    太康县"
,,,"    鹿邑县"
,,,"    郸城县"
,,,"    淮阳县"
,,,"    沈丘县"
,10,"驻马店地区","    驻马店市"
,,,"    确山县"
,,,"    泌阳县"
,,,"    遂平县"
,,,"    西平县"
,,,"    上蔡县"
,,,"    汝南县"
,,,"    平舆县"
,,,"    新蔡县"
,,,"    正阳县"
,1,"省直辖行政单位","    济源市"
"湖北省",13,"武汉市","      江岸区"
,,,"      江汉区"
,,,"      乔口区"
,,,"      汉阳区"
,,,"      武昌区"
,,,"      青山区"
,,,"      洪山区"
,,,"      东西湖区"
,,,"      汉南区"
,,,"      蔡甸区"
,,,"      江夏区"
,,,"      黄陂区"
,,,"      新洲区"
,6,"黄石市","      黄石港区"
,,,"      石灰窑区"
,,,"      下陆区"
,,,"      铁山区"
,,,"    阳新县"
,,,"    大冶市"
,8,"十堰市","      茅箭区"
,,,"      张湾区"
,,,"    郧  县"
,,,"    郧西县"
,,,"    竹山县"
,,,"    竹溪县"
,,,"    房  县"
,,,"    丹江口市"
,13,"宜昌市","      西陵区"
,,,"      伍家岗区"
,,,"      点军区"
,,,"      虎亭区"
,,,"    宜昌县"
,,,"    远安县"
,,,"    兴山县"
,,,"    秭归县"
,,,"    长阳土家族自治县"
,,,"    五峰土家族自治县"
,,,"    宜都市"
,,,"    当阳市"
,,,"    枝江市"
,9,"襄阳市","      襄城区"
,,,"      樊城区"
,,,"    襄阳县"
,,,"    南漳县"
,,,"    谷城县"
,,,"    保康县"
,,,"    老河口市"
,,,"    枣阳市"
,,,"    宜城市"
,3,"鄂州市","      梁子湖区"
,,,"      华容区"
,,,"      鄂城区"
,4,"荆门市","      东宝区"
,,,"      掇刀区"
,,,"    京山县"
,,,"    沙洋县"
,,,"    钟祥市"
,7,"孝感市","      孝南区"
,,,"    孝昌县"
,,,"    大悟县"
,,,"    云梦县"
,,,"    应城市"
,,,"    安陆市"
,,,"    汉川市"
,8,"荆州市","      沙市区"
,,,"      荆州区"
,,,"    公安县"
,,,"    监利县"
,,,"    江陵县"
,,,"    石首市"
,,,"    洪湖市"
,,,"    松滋市"
,10,"黄冈市","      黄州区"
,,,"    团风县"
,,,"    红安县"
,,,"    罗田县"
,,,"    英山县"
,,,"    浠水县"
,,,"    蕲春县"
,,,"    黄梅县"
,,,"    麻城市"
,,,"    武穴市"
,6,"咸宁市","       咸安区"
,,,"    嘉鱼县"
,,,"    通城县"
,,,"    崇阳县"
,,,"    通山县"
,,,"    赤壁市"
,3,"随州市","曾都区"
,,,"广水市"
,,,"随县"
,8,"恩施土家族苗族自治州","    恩施市"
,,,"    利川市"
,,,"    建始县"
,,,"    巴东县"
,,,"    宣恩县"
,,,"    咸丰县"
,,,"    来凤县"
,,,"    鹤峰县"
,4,"省直辖行政单位","    仙桃市"
,,,"    潜江市"
,,,"    天门市"
,,,"    神农架林区"
"湖南省",9,"长沙市","      芙蓉区"
,,,"      天心区"
,,,"      岳麓区"
,,,"      开福区"
,,,"      雨花区"
,,,"    长沙县"
,,,"    望城县"
,,,"    宁乡县"
,,,"    浏阳市"
,9,"株洲市","      荷塘区"
,,,"      芦淞区"
,,,"      石峰区"
,,,"      天元区"
,,,"    株洲县"
,,,"    攸  县"
,,,"    茶陵县"
,,,"    炎陵县"
,,,"    醴陵市"
,5,"湘潭市","      雨湖区"
,,,"      岳塘区"
,,,"    湘潭县"
,,,"    湘乡市"
,,,"    韶山市"
,12,"衡阳市","      江东区"
,,,"      城南区"
,,,"      城北区"
,,,"      郊   区"
,,,"      南岳区"
,,,"    衡阳县"
,,,"    衡南县"
,,,"    衡山县"
,,,"    衡东县"
,,,"    祁东县"
,,,"    耒阳市"
,,,"    常宁市"
,12,"邵阳市","      双清区"
,,,"      大祥区"
,,,"      北塔区"
,,,"    邵东县"
,,,"    新邵县"
,,,"    邵阳县"
,,,"    隆回县"
,,,"    洞口县"
,,,"    绥宁县"
,,,"    新宁县"
,,,"    城步苗族自治县"
,,,"    武冈市"
,9,"岳阳市","      岳阳楼区"
,,,"      云溪区"
,,,"      君山区"
,,,"    岳阳县"
,,,"    华容县"
,,,"    湘阴县"
,,,"    平江县"
,,,"    汨罗市"
,,,"    临湘市"
,9,"常德市","      武陵区"
,,,"      鼎城区"
,,,"    安乡县"
,,,"    汉寿县"
,,,"    澧  县"
,,,"    临澧县"
,,,"    桃源县"
,,,"    石门县"
,,,"    津市市"
,4,"张家界市","      永定区"
,,,"      武陵源区"
,,,"    慈利县"
,,,"    桑植县"
,6,"益阳市","      资阳区"
,,,"      赫山区"
,,,"    南  县"
,,,"    桃江县"
,,,"    安化县"
,,,"    沅江市"
,11,"郴州市","      北湖区"
,,,"      苏仙区"
,,,"    桂阳县"
,,,"    宜章县"
,,,"    永兴县"
,,,"    嘉禾县"
,,,"    临武县"
,,,"    汝城县"
,,,"    桂东县"
,,,"    安仁县"
,,,"    资兴市"
,11,"永州市","      芝山区"
,,,"      冷水滩区"
,,,"    祁阳县"
,,,"    东安县"
,,,"    双牌县"
,,,"    道  县"
,,,"    江永县"
,,,"    宁远县"
,,,"    蓝山县"
,,,"    新田县"
,,,"    江华瑶族自治县"
,12,"怀化市","      鹤城区"
,,,"    中方县"
,,,"    沅陵县"
,,,"    辰溪县"
,,,"    溆浦县"
,,,"    会同县"
,,,"    麻阳苗族自治县"
,,,"    新晃侗族自治县"
,,,"    芷江侗族自治县"
,,,"    靖州苗族侗族自治县"
,,,"    通道侗族自治县"
,,,"    洪江市"
,5,"娄底地区","    娄底市"
,,,"    冷水江市"
,,,"    涟源市"
,,,"    双峰县"
,,,"    新化县"
,8,"湘西土家族苗族自治州","    吉首市"
,,,"    泸溪县"
,,,"    凤凰县"
,,,"    花垣县"
,,,"    保靖县"
,,,"    古丈县"
,,,"    永顺县"
,,,"    龙山县"
"广东省",12,"广州市","      东山区"
,,,"      荔湾区"
,,,"      越秀区"
,,,"      海珠区"
,,,"      天河区"
,,,"      芳村区"
,,,"      白云区"
,,,"      黄埔区"
,,,"    番禺市"
,,,"    花都市"
,,,"    增城市"
,,,"    从化市"
,10,"韶关市","      武江区"
,,,"      浈江区"
,,,"      曲江区"
,,,"    始兴县"
,,,"    仁化县"
,,,"    翁源县"
,,,"    乳源瑶族自治县"
,,,"    新丰县"
,,,"    乐昌市"
,,,"    南雄市"
,6,"深圳市","      罗湖区"
,,,"      福田区"
,,,"      南山区"
,,,"      宝安区"
,,,"      龙岗区"
,,,"      盐田区"
,3,"珠海市","      香洲区"
,,,"      斗门区"
,,,"      金湾区"
,7,"汕头市","      濠江区"
,,,"      龙湖区"
,,,"      金平区"
,,,"      潮南区"
,,,"      澄海区"
,,,"      潮阳区"
,,,"    南澳县"
,5,"佛山市","      禅城区"
,,,"      顺德区"
,,,"      南海区"
,,,"      三水区"
,,,"      高明区"
,7,"江门市","      蓬江区"
,,,"      江海区"
,,,"    台山市"
,,,"    新会市"
,,,"    开平市"
,,,"    鹤山市"
,,,"    恩平市"
,9,"湛江市","      赤坎区"
,,,"      霞山区"
,,,"      坡头区"
,,,"      麻章区"
,,,"    遂溪县"
,,,"    徐闻县"
,,,"    廉江市"
,,,"    雷州市"
,,,"    吴川市"
,6,"茂名市","      茂南区"
,,,"      茂港区"
,,,"    电白县"
,,,"    高州市"
,,,"    化州市"
,,,"    信宜市"
,8,"肇庆市","      端州区"
,,,"      鼎湖区"
,,,"    广宁县"
,,,"    怀集县"
,,,"    封开县"
,,,"    德庆县"
,,,"    高要市"
,,,"    四会市"
,5,"惠州市","      惠城区"
,,,"    博罗县"
,,,"    惠东县"
,,,"    龙门县"
,,,"    惠阳市"
,8,"梅州市","      梅江区"
,,,"    梅  县"
,,,"    大埔县"
,,,"    丰顺县"
,,,"    五华县"
,,,"    平远县"
,,,"    蕉岭县"
,,,"    兴宁市"
,4,"汕尾市","      城  区"
,,,"    海丰县"
,,,"    陆河县"
,,,"    陆丰市"
,6,"河源市","      源城区"
,,,"    紫金县"
,,,"    龙川县"
,,,"    连平县"
,,,"    和平县"
,,,"    东源县"
,4,"阳江市","      江城区"
,,,"    阳西县"
,,,"    阳东县"
,,,"    阳春市"
,8,"清远市","      清城区"
,,,"    佛冈县"
,,,"    阳山县"
,,,"    连山壮族瑶族自治县"
,,,"    连南瑶族自治县"
,,,"    清新县"
,,,"    英德市"
,,,"    连州市"
,1,,"东莞市"
,1,,"中山市"
,3,"潮州市","      湘桥区"
,,,"    潮安县"
,,,"    饶平县"
,5,"揭阳市","      榕城区"
,,,"    揭东县"
,,,"    揭西县"
,,,"    惠来县"
,,,"    普宁市"
,5,"云浮市","      云城区"
,,,"    新兴县"
,,,"    郁南县"
,,,"    云安县"
,,,"    罗定市"
"广西",12,"南宁市","      兴宁区"
,,,"      青秀区"
,,,"      西乡塘区"
,,,"      江南区"
,,,"      良庆区"
,,,"      邕宁区"
,,,"    武鸣县"
,,,"    隆安县"
,,,"    马山县"
,,,"    上林县"
,,,"    宾阳县"
,,,"    横　县"
,10,"柳州市","      城中区"
,,,"      鱼峰区"
,,,"      柳南区"
,,,"      柳北区"
,,,"    柳江县"
,,,"　　柳城县"
,,,"　　鹿寨县"
,,,"    融安县"
,,,"    融水苗族自治县"
,,,"　　三江侗族自治县"
,17,"桂林市","      秀峰区"
,,,"      叠彩区"
,,,"      象山区"
,,,"      七星区"
,,,"      雁山区"
,,,"    阳朔县"
,,,"    临桂县"
,,,"    灵川县"
,,,"    全州县"
,,,"    兴安县"
,,,"    永福县"
,,,"    灌阳县"
,,,"    龙胜各县自治区"
,,,"    资源县"
,,,"    平乐县"
,,,"    荔蒲县"
,,,"    恭城瑶族自治县"
,7,"梧州市","      万秀区"
,,,"      蝶山区"
,,,"      市郊区"
,,,"    苍梧县"
,,,"    藤  县"
,,,"    蒙山县"
,,,"    岑溪市"
,4,"北海市","      海城区"
,,,"      银海区"
,,,"      铁山港区"
,,,"    合浦县"
,4,"防城港市","      港口区"
,,,"      防城区"
,,,"    上思县"
,,,"    东兴市"
,4,"钦州市","      钦南区"
,,,"      钦北区"
,,,"    浦北县"
,,,"    灵山县"
,5,"贵港市","      港北区"
,,,"      港南区"
,,,"　　  覃塘区"
,,,"    平南县"
,,,"    桂平市"
,6,"玉林市","      玉州区"
,,,"    容  县"
,,,"    陆川县"
,,,"    博白县"
,,,"    兴业县"
,,,"    北流市"
,7,"崇左市","    江州区"
,,,"    凭祥市"
,,,"    扶绥县"
,,,"    宁明县"
,,,"    龙州县"
,,,"    大新县"
,,,"    天等县"
,6,"来宾市","      兴宾区"
,,,"    合山市"
,,,"    忻城县"
,,,"    象州县"
,,,"    武宣县"
,,,"    金秀瑶族自治县"
,4,"贺州市","      八步区"
,,,"    昭平县"
,,,"    钟山县"
,,,"    富川瑶族自治县"
,12,"百色市","    右江区"
,,,"    田阳县"
,,,"    田东县"
,,,"    平果县"
,,,"    德保县"
,,,"    靖西县"
,,,"    那坡县"
,,,"    凌云县"
,,,"    乐业县"
,,,"    田林县"
,,,"    隆林各族自治县"
,,,"    西林县"
,11,"河池市","      金城江区"
,,,"    宜州市"
,,,"    罗城仫佬族自治县"
,,,"    环江毛南族自治县"
,,,"    南丹县"
,,,"    天峨县"
,,,"    凤山县"
,,,"    东兰县"
,,,"    巴马瑶族自治县"
,,,"    都安瑶族自治县"
,,,"    大化瑶族自治县"
"海南省",17,"省直辖行政单位","    琼海市"
,,,"    儋州市"
,,,"    五指山市"
,,,"    文昌市"
,,,"    万宁市"
,,,"    东方市"
,,,"    定安县"
,,,"    屯昌县"
,,,"    澄迈县"
,,,"    临高县"
,,,"    白沙黎族自治县"
,,,"    昌江黎族自治县"
,,,"    乐东黎族自治县"
,,,"    陵水黎族自治县"
,,,"    保亭黎族苗族自治县"
,,,"    琼中黎族苗族自治县"
,,,"    西南中沙群岛办事处"
,4,"海口市","      龙华区"
,,,"      秀英区"
,,,"      琼山区"
,,,"      美兰区"
,1,"三亚市","市辖区"
"重庆市",40,"重庆市","    万州区"
,,,"    涪陵区"
,,,"    渝中区"
,,,"    大渡口区"
,,,"    江北区"
,,,"    沙坪坝区"
,,,"    九龙坡区"
,,,"    南岸区"
,,,"    北碚区"
,,,"    渝北区"
,,,"    巴南区"
,,,"    长寿区"
,,,"    綦江区"
,,,"    潼南县"
,,,"    铜梁县"
,,,"    大足县"
,,,"    荣昌县"
,,,"    璧山县"
,,,"    梁平县"
,,,"    城口县"
,,,"    丰都县"
,,,"    垫江县"
,,,"    武隆县"
,,,"    忠  县"
,,,"    开  县"
,,,"    云阳县"
,,,"    奉节县"
,,,"    巫山县"
,,,"    巫溪县"
,,,"    黔江区"
,,,"    石柱土家族自治县"
,,,"    秀山土家族苗族自治县"
,,,"    酉阳土家族苗族自治县"
,,,"    彭水苗族土家族自治县"
,,,"    江津市"
,,,"    合川市"
,,,"    永川市"
,,,"    南川市"
"四川省",19,"成都市","      锦江区"
,,,"      青羊区"
,,,"      金牛区"
,,,"      武侯区"
,,,"      成华区"
,,,"      龙泉驿区"
,,,"      青白江区"
,,,"    金堂县"
,,,"    双流县"
,,,"    温江县"
,,,"    郫  县"
,,,"    新都县"
,,,"    大邑县"
,,,"    蒲江县"
,,,"    新津县"
,,,"    都江堰市"
,,,"    彭州市"
,,,"    邛崃市"
,,,"    崇州市"
,6,"自贡市","      自流井区"
,,,"      贡井区"
,,,"      大安区"
,,,"      沿滩区"
,,,"    荣  县"
,,,"    富顺县"
,5,"攀枝花市","      东  区"
,,,"      西  区"
,,,"      仁和区"
,,,"    米易县"
,,,"    盐边县"
,7,"泸州市","      江阳区"
,,,"      纳溪区"
,,,"      龙马潭区"
,,,"    泸  县"
,,,"    合江县"
,,,"    叙永县"
,,,"    古蔺县"
,6,"德阳市","      旌阳区"
,,,"    中江县"
,,,"    罗江县"
,,,"    广汉市"
,,,"    什邡市"
,,,"    绵竹市"
,9,"绵阳市","      涪城区"
,,,"      游仙区"
,,,"    三台县"
,,,"    盐亭县"
,,,"    安  县"
,,,"    梓潼县"
,,,"    北川县"
,,,"    平武县"
,,,"    江油市"
,7,"广元市","      利州区"
,,,"      元坝区"
,,,"      朝天区"
,,,"    旺苍县"
,,,"    青川县"
,,,"    剑阁县"
,,,"    苍溪县"
,5,"遂宁市","      船山区"
,,,"　　　安居区"
,,,"    蓬溪县"
,,,"    射洪县"
,,,"    大英县"
,5,"内江市","      市中区"
,,,"      东兴区"
,,,"    威远县"
,,,"    资中县"
,,,"    隆昌县"
,11,"乐山市","      市中区"
,,,"      沙湾区"
,,,"      五通桥区"
,,,"      金口河区"
,,,"    犍为县"
,,,"    井研县"
,,,"    夹江县"
,,,"    沐川县"
,,,"    峨边彝族自治县"
,,,"    马边彝族自治县"
,,,"    峨眉山市"
,9,"南充市","      顺庆区"
,,,"      高坪区"
,,,"      嘉陵区"
,,,"    南部县"
,,,"    营山县"
,,,"    蓬安县"
,,,"    仪陇县"
,,,"    西充县"
,,,"    阆中市"
,10,"宜宾市","      翠屏区"
,,,"    宜宾县"
,,,"    南溪县"
,,,"    江安县"
,,,"    长宁县"
,,,"    高  县"
,,,"    珙  县"
,,,"    筠连县"
,,,"    兴文县"
,,,"    屏山县"
,5,"广安市","        广安区"
,,,"     岳池县"
,,,"     武胜县"
,,,"     邻水县"
,,,"     华莹市"
,7,"达州市","    达川市"
,,,"    万源市"
,,,"    达  县"
,,,"    宣汉县"
,,,"    开江县"
,,,"    大竹县"
,,,"    渠  县"
,8,"雅安市","    雅安市"
,,,"    名山县"
,,,"    荥经县"
,,,"    汉源县"
,,,"    石棉县"
,,,"    天全县"
,,,"    芦山县"
,,,"    宝兴县"
,13,"阿坝藏族羌族自治州","    汶川县"
,,,"    理  县"
,,,"    茂  县"
,,,"    松潘县"
,,,"    九寨沟县"
,,,"    金川县"
,,,"    小金县"
,,,"    黑水县"
,,,"    马尔康县"
,,,"    壤塘县"
,,,"    阿坝县"
,,,"    若尔盖县"
,,,"    红原县"
,18,"甘孜藏族自治州","    康定县"
,,,"    泸定县"
,,,"    丹巴县"
,,,"    九龙县"
,,,"    雅江县"
,,,"    道孚县"
,,,"    炉霍县"
,,,"    甘孜县"
,,,"    新龙县"
,,,"    德格县"
,,,"    白玉县"
,,,"    石渠县"
,,,"    色达县"
,,,"    理塘县"
,,,"    巴塘县"
,,,"    乡城县"
,,,"    稻城县"
,,,"    得荣县"
,17,"凉山彝族自治州","    西昌市"
,,,"    木里藏族自治县"
,,,"    盐源县"
,,,"    德昌县"
,,,"    会理县"
,,,"    会东县"
,,,"    宁南县"
,,,"    普格县"
,,,"    布拖县"
,,,"    金阳县"
,,,"    昭觉县"
,,,"    喜德县"
,,,"    冕宁县"
,,,"    越西县"
,,,"    甘洛县"
,,,"    美姑县"
,,,"    雷波县"
,4,"巴中市","    巴中市"
,,,"    通江县"
,,,"    南江县"
,,,"    平昌县"
,6,"眉山市","    眉山县"
,,,"    仁寿县"
,,,"    彭山县"
,,,"    洪雅县"
,,,"    丹棱县"
,,,"    青神县"
,4,"资阳市","    资阳市"
,,,"    简阳市"
,,,"    安岳县"
,,,"    乐至县"
"贵州省",9,"贵阳市","      南明区"
,,,"      云岩区"
,,,"      花溪区"
,,,"      乌当区"
,,,"      白云区"
,,,"      小河区"
,,,"    开阳县"
,,,"    息烽县"
,,,"    修文县"
,,,"    清镇市"
,4,"六盘水市","      钟山区"
,,,"      盘县特区"
,,,"      六枝特区"
,,,"    水城县"
,14,"遵义市","      红花岗区"
,,,"      汇川区"
,,,"    遵义县"
,,,"    桐梓县"
,,,"    绥阳县"
,,,"    正安县"
,,,"    道真仡佬族苗族自治县"
,,,"    务川仡佬族苗族自治县"
,,,"    凤冈县"
,,,"    湄潭县"
,,,"    余庆县"
,,,"    习水县"
,,,"    赤水市"
,,,"    仁怀市"
,10,"铜仁地区","    铜仁市"
,,,"    江口县"
,,,"    玉屏侗族自治县"
,,,"    石阡县"
,,,"    思南县"
,,,"    印江土家族苗族自治县"
,,,"    德江县"
,,,"    沿河土家族自治县"
,,,"    松桃苗族自治县"
,,,"    万山特区"
,8,"黔西南布依族苗族自治州","    兴义市"
,,,"    兴仁县"
,,,"    普安县"
,,,"    晴隆县"
,,,"    贞丰县"
,,,"    望谟县"
,,,"    册亨县"
,,,"    安龙县"
,8,"毕节地区","    毕节市"
,,,"    大方县"
,,,"    黔西县"
,,,"    金沙县"
,,,"    织金县"
,,,"    纳雍县"
,,,"    威宁彝族回族苗族自治县"
,,,"    赫章县"
,6,"安顺地区","    安顺市"
,,,"    平坝县"
,,,"    普定县"
,,,"    关岭布依族苗族自治县"
,,,"    镇宁布依族苗族自治县"
,,,"    紫云苗族布依族自治县"
,16,"黔东南苗族侗族自治州","    凯里市"
,,,"    黄平县"
,,,"    施秉县"
,,,"    三穗县"
,,,"    镇远县"
,,,"    岑巩县"
,,,"    天柱县"
,,,"    锦屏县"
,,,"    剑河县"
,,,"    台江县"
,,,"    黎平县"
,,,"    榕江县"
,,,"    从江县"
,,,"    雷山县"
,,,"    麻江县"
,,,"    丹寨县"
,12,"黔南布依族苗族自治州","    都匀市"
,,,"    福泉市"
,,,"    荔波县"
,,,"    贵定县"
,,,"    瓮安县"
,,,"    独山县"
,,,"    平塘县"
,,,"    罗甸县"
,,,"    长顺县"
,,,"    龙里县"
,,,"    惠水县"
,,,"    三都水族自治县"
"云南省",14,"昆明市","      五华区"
,,,"      盘龙区"
,,,"      官渡区"
,,,"      西山区"
,,,"      东川区"
,,,"    呈贡县"
,,,"    晋宁县"
,,,"    富民县"
,,,"    宜良县"
,,,"    石林彝族自治县"
,,,"    嵩明县"
,,,"    禄劝彝族苗族自治县"
,,,"    寻甸回族彝族自治县"
,,,"    安宁市"
,9,"曲靖市","      麒麟区"
,,,"    马龙县"
,,,"    陆良县"
,,,"    师宗县"
,,,"    罗平县"
,,,"    富源县"
,,,"    会泽县"
,,,"    沾益县"
,,,"    宣威市"
,9,"玉溪市","      红塔区"
,,,"    江川县"
,,,"    澄江县"
,,,"    通海县"
,,,"    华宁县"
,,,"    易门县"
,,,"    峨山彝族自治县"
,,,"    新平彝族傣族自治县"
,,,"    元江哈尼族彝族傣族自治县"
,11,"昭通地区","    昭通市"
,,,"    鲁甸县"
,,,"    巧家县"
,,,"    盐津县"
,,,"    大关县"
,,,"    永善县"
,,,"    绥江县"
,,,"    镇雄县"
,,,"    彝良县"
,,,"    威信县"
,,,"    水富县"
,10,"楚雄彝族自治州","    楚雄市"
,,,"    双柏县"
,,,"    牟定县"
,,,"    南华县"
,,,"    姚安县"
,,,"    大姚县"
,,,"    永仁县"
,,,"    元谋县"
,,,"    武定县"
,,,"    禄丰县"
,13,"红河哈尼族彝族自治州","    个旧市"
,,,"    开远市"
,,,"    蒙自县"
,,,"    屏边苗族自治县"
,,,"    建水县"
,,,"    石屏县"
,,,"    弥勒县"
,,,"    泸西县"
,,,"    元阳县"
,,,"    红河县"
,,,"    金平苗族瑶族傣族自治县"
,,,"    绿春县"
,,,"    河口瑶族自治县"
,8,"文山壮族苗族自治州","    文山县"
,,,"    砚山县"
,,,"    西畴县"
,,,"    麻栗坡县"
,,,"    马关县"
,,,"    丘北县"
,,,"    广南县"
,,,"    富宁县"
,10,"普洱市","    思茅市"
,,,"    普洱哈尼族彝族自治县"
,,,"    墨江哈尼族自治县"
,,,"    景东彝族自治县"
,,,"    景谷傣族彝族自治县"
,,,"    镇沅彝族哈尼族拉祜族自治县"
,,,"    江城哈尼族彝族自治县"
,,,"    孟连傣族拉祜族佤族自治县"
,,,"    澜沧拉祜族自治县"
,,,"    西盟佤族自治县"
,3,"西双版纳傣族自治州","    景洪市"
,,,"    勐海县"
,,,"    勐腊县"
,12,"大理白族自治州","    大理市"
,,,"    漾濞彝族自治县"
,,,"    祥云县"
,,,"    宾川县"
,,,"    弥渡县"
,,,"    南涧彝族自治县"
,,,"    巍山彝族回族自治县"
,,,"    永平县"
,,,"    云龙县"
,,,"    洱源县"
,,,"    剑川县"
,,,"    鹤庆县"
,5,"保山市","    保山市"
,,,"    施甸县"
,,,"    腾冲县"
,,,"    龙陵县"
,,,"    昌宁县"
,6,"德宏傣族景颇族自治州","    畹町市"
,,,"    瑞丽市"
,,,"    潞西市"
,,,"    梁河县"
,,,"    盈江县"
,,,"    陇川县"
,4,"丽江地区","    丽江纳西族自治县"
,,,"    永胜县"
,,,"    华坪县"
,,,"    宁蒗彝族自治县"
,4,"怒江傈僳族自治州","    泸水县"
,,,"    福贡县"
,,,"    贡山独龙族怒族自治县"
,,,"    兰坪白族普米族自治县"
,3,"迪庆藏族自治州","    中甸县"
,,,"    德钦县"
,,,"    维西傈僳族自治县"
,8,"临沧市","    临沧县"
,,,"    凤庆县"
,,,"    云  县"
,,,"    永德县"
,,,"    镇康县"
,,,"    双江拉祜族佤族布朗族傣族自治县"
,,,"    耿马傣族佤族自治县"
,,,"    沧源佤族自治县"
"西藏",8,"拉萨市","      城关区"
,,,"    林周县"
,,,"    当雄县"
,,,"    尼木县"
,,,"    曲水县"
,,,"    堆龙德庆县"
,,,"    达孜县"
,,,"    墨竹工卡县"
,11,"昌都地区","    昌都县"
,,,"    江达县"
,,,"    贡觉县"
,,,"    类乌齐县"
,,,"    丁青县"
,,,"    察雅县"
,,,"    八宿县"
,,,"    左贡县"
,,,"    芒康县"
,,,"    洛隆县"
,,,"    边坝县"
,12,"山南地区","    乃东县"
,,,"    扎囊县"
,,,"    贡嘎县"
,,,"    桑日县"
,,,"    琼结县"
,,,"    曲松县"
,,,"    措美县"
,,,"    洛扎县"
,,,"    加查县"
,,,"    隆子县"
,,,"    错那县"
,,,"    浪卡子县"
,18,"日喀则地区","    日喀则市"
,,,"    南木林县"
,,,"    江孜县"
,,,"    定日县"
,,,"    萨迦县"
,,,"    拉孜县"
,,,"    昂仁县"
,,,"    谢通门县"
,,,"    白朗县"
,,,"    仁布县"
,,,"    康马县"
,,,"    定结县"
,,,"    仲巴县"
,,,"    亚东县"
,,,"    吉隆县"
,,,"    聂拉木县"
,,,"    萨嘎县"
,,,"    岗巴县"
,10,"那曲地区","    那曲县"
,,,"    嘉黎县"
,,,"    比如县"
,,,"    聂荣县"
,,,"    安多县"
,,,"    申扎县"
,,,"    索  县"
,,,"    班戈县"
,,,"    巴青县"
,,,"    尼玛县"
,7,"阿里地区","    普兰县"
,,,"    札达县"
,,,"    噶尔县"
,,,"    日土县"
,,,"    革吉县"
,,,"    改则县"
,,,"    措勤县"
,7,"林芝地区","    林芝县"
,,,"    工布江达县"
,,,"    米林县"
,,,"    墨脱县"
,,,"    波密县"
,,,"    察隅县"
,,,"    朗  县"
"陕西省",13,"西安市","      新城区"
,,,"      碑林区"
,,,"      莲湖区"
,,,"      灞桥区"
,,,"      未央区"
,,,"      雁塔区"
,,,"      阎良区"
,,,"      临潼区"
,,,"    长安县"
,,,"    蓝田县"
,,,"    周至县"
,,,"    户  县"
,,,"    高陵县"
,4,"铜川市","      城  区"
,,,"      郊  区"
,,,"    耀  县"
,,,"    宜君县"
,12,"宝鸡市","      渭滨区"
,,,"      金台区"
,,,"    宝鸡县"
,,,"    凤翔县"
,,,"    岐山县"
,,,"    扶风县"
,,,"    眉  县"
,,,"    陇  县"
,,,"    千阳县"
,,,"    麟游县"
,,,"    凤  县"
,,,"    太白县"
,14,"咸阳市","      秦都区"
,,,"      杨陵区"
,,,"      渭城区"
,,,"    三原县"
,,,"    泾阳县"
,,,"    乾  县"
,,,"    礼泉县"
,,,"    永寿县"
,,,"    彬  县"
,,,"    长武县"
,,,"    旬邑县"
,,,"    淳化县"
,,,"    武功县"
,,,"    兴平市"
,11,"渭南市","      临渭区"
,,,"    华  县"
,,,"    潼关县"
,,,"    大荔县"
,,,"    合阳县"
,,,"    澄城县"
,,,"    蒲城县"
,,,"    白水县"
,,,"    富平县"
,,,"    韩城市"
,,,"    华阴市"
,13,"延安市","      宝塔区"
,,,"    延长县"
,,,"    延川县"
,,,"    子长县"
,,,"    安塞县"
,,,"    志丹县"
,,,"    吴旗县"
,,,"    甘泉县"
,,,"    富  县"
,,,"    洛川县"
,,,"    宜川县"
,,,"    黄龙县"
,,,"    黄陵县"
,11,"汉中市","      汉台区"
,,,"    南郑县"
,,,"    城固县"
,,,"    洋  县"
,,,"    西乡县"
,,,"    勉  县"
,,,"    宁强县"
,,,"    略阳县"
,,,"    镇巴县"
,,,"    留坝县"
,,,"    佛坪县"
,10,"安康市","    安康市"
,,,"    汉阴县"
,,,"    石泉县"
,,,"    宁陕县"
,,,"    紫阳县"
,,,"    岚皋县"
,,,"    平利县"
,,,"    镇坪县"
,,,"    旬阳县"
,,,"    白河县"
,7,"商洛市","    商州市"
,,,"    洛南县"
,,,"    丹凤县"
,,,"    商南县"
,,,"    山阳县"
,,,"    镇安县"
,,,"    柞水县"
,12,"榆林地区","    榆林市"
,,,"    神木县"
,,,"    府谷县"
,,,"    横山县"
,,,"    靖边县"
,,,"    定边县"
,,,"    绥德县"
,,,"    米脂县"
,,,"    佳  县"
,,,"    吴堡县"
,,,"    清涧县"
,,,"    子洲县"
"甘肃省",8,"兰州市","      城关区"
,,,"      七里河区"
,,,"      西固区"
,,,"      安宁区"
,,,"      红古区"
,,,"    永登县"
,,,"    皋兰县"
,,,"    榆中县"
,1,"嘉峪关市","    市辖区"
,2,"金昌市","      金川区"
,,,"    永昌县"
,5,"白银市","      白银区"
,,,"      平川区"
,,,"    靖远县"
,,,"    会宁县"
,,,"    景泰县"
,7,"天水市","      秦城区"
,,,"      北道区"
,,,"    清水县"
,,,"    秦安县"
,,,"    甘谷县"
,,,"    武山县"
,,,"    张家川回族自治县"
,7,"酒泉市","    玉门市"
,,,"    酒泉市"
,,,"    敦煌市"
,,,"    金塔县"
,,,"    肃北蒙古族自治县"
,,,"    阿克塞哈萨克族自治县"
,,,"    安西县"
,6,"张掖市","    张掖市"
,,,"    肃南裕固族自治县"
,,,"    民乐县"
,,,"    临泽县"
,,,"    高台县"
,,,"    山丹县"
,4,"武威市","    武威市"
,,,"    民勤县"
,,,"    古浪县"
,,,"    天祝藏族自治县"
,7,"定西市","    定西县"
,,,"    通渭县"
,,,"    陇西县"
,,,"    渭源县"
,,,"    临洮县"
,,,"    漳  县"
,,,"    岷  县"
,9,"陇南市","    武都县"
,,,"    宕昌县"
,,,"    成  县"
,,,"    康  县"
,,,"    文  县"
,,,"    西和县"
,,,"    礼  县"
,,,"    两当县"
,,,"    徽  县"
,7,"平凉市","    平凉市"
,,,"    泾川县"
,,,"    灵台县"
,,,"    崇信县"
,,,"    华亭县"
,,,"    庄浪县"
,,,"    静宁县"
,8,"庆阳市","    西峰市"
,,,"    庆阳县"
,,,"    环  县"
,,,"    华池县"
,,,"    合水县"
,,,"    正宁县"
,,,"    宁  县"
,,,"    镇原县"
,8,"临夏回族自治州","    临夏市"
,,,"    临夏县"
,,,"    康乐县"
,,,"    永靖县"
,,,"    广河县"
,,,"    和政县"
,,,"    东乡族自治县"
,,,"    积石山保安族东乡族撒拉族自治县"
,8,"甘南藏族自治州","    合作市"
,,,"    临潭县"
,,,"    卓尼县"
,,,"    舟曲县"
,,,"    迭部县"
,,,"    玛曲县"
,,,"    碌曲县"
,,,"    夏河县"
"青海省",5,"西宁市","      城东区"
,,,"      城中区"
,,,"      城西区"
,,,"      城北区"
,,,"    大通回族土族自治县"
,8,"海东地区","    平安县"
,,,"    民和回族土族自治县"
,,,"    乐都县"
,,,"    湟中县"
,,,"    湟源县"
,,,"    互助土族自治县"
,,,"    化隆回族自治县"
,,,"    循化撒拉族自治县"
,4,"海北藏族自治州","    门源回族自治县"
,,,"    祁连县"
,,,"    海晏县"
,,,"    刚察县"
,4,"黄南藏族自治州","    同仁县"
,,,"    尖扎县"
,,,"    泽库县"
,,,"    河南蒙古族自治县"
,5,"海南藏族自治州","    共和县"
,,,"    同德县"
,,,"    贵德县"
,,,"    兴海县"
,,,"    贵南县"
,6,"果洛藏族自治州","    玛沁县"
,,,"    班玛县"
,,,"    甘德县"
,,,"    达日县"
,,,"    久治县"
,,,"    玛多县"
,6,"玉树藏族自治州","    玉树县"
,,,"    杂多县"
,,,"    称多县"
,,,"    治多县"
,,,"    囊谦县"
,,,"    曲麻莱县"
,5,"海西蒙古族藏族自治州","    格尔木市"
,,,"    德令哈市"
,,,"    乌兰县"
,,,"    都兰县"
,,,"    天峻县"
"宁夏",6,"银川市","      兴庆区"
,,,"      西夏区"
,,,"      金凤区"
,,,"    永宁县"
,,,"    贺兰县"
,,,"   灵武市"
,3,"石嘴山市","      大武口区"
,,,"      惠农区"
,,,"    平罗县"
,5,"吴忠市","      利通区"
,,,"　　　红寺堡区"
,,,"    盐池县"
,,,"    同心县"
,,,"    青铜峡市"
,5,"固原市","      原州区"
,,,"    西吉县"
,,,"    隆德县"
,,,"    泾源县"
,,,"    彭阳县"
,3,"中 卫 市","      沙坡头区"
,,,"　  中宁县"
,,,"　　海原县"
"新疆",8,"乌鲁木齐市","      天山区"
,,,"      沙依巴克区"
,,,"      新市区"
,,,"      水磨沟区"
,,,"      头屯河区"
,,,"      南山矿区"
,,,"      东山区"
,,,"    乌鲁木齐县"
,4,"克拉玛依市","      独山子区"
,,,"      克拉玛依区"
,,,"      白碱滩区"
,,,"      乌尔禾区"
,3,"吐鲁番地区","    吐鲁番市"
,,,"    鄯善县"
,,,"    托克逊县"
,3,"哈密地区","    哈密市"
,,,"    巴里坤哈萨克自治县"
,,,"    伊吾县"
,7,"昌吉回族自治州","    昌吉市"
,,,"    阜康市"
,,,"    呼图壁县"
,,,"    玛纳斯县"
,,,"    奇台县"
,,,"    吉木萨尔县"
,,,"    木垒哈萨克自治县"
,3,"博尔塔拉蒙古自治州","    博乐市"
,,,"    精河县"
,,,"    温泉县"
,9,"巴音郭楞蒙古自治州","    库尔勒市"
,,,"    轮台县"
,,,"    尉犁县"
,,,"    若羌县"
,,,"    且末县"
,,,"    焉耆回族自治县"
,,,"    和静县"
,,,"    和硕县"
,,,"    博湖县"
,9,"阿克苏地区","    阿克苏市"
,,,"    温宿县"
,,,"    库车县"
,,,"    沙雅县"
,,,"    新和县"
,,,"    拜城县"
,,,"    乌什县"
,,,"    阿瓦提县"
,,,"    柯坪县"
,4,"克孜勒苏柯尔克孜自治州","    阿图什市"
,,,"    阿克陶县"
,,,"    阿合奇县"
,,,"    乌恰县"
,12,"喀什地区","    喀什市"
,,,"    疏附县"
,,,"    疏勒县"
,,,"    英吉沙县"
,,,"    泽普县"
,,,"    莎车县"
,,,"    叶城县"
,,,"    麦盖提县"
,,,"    岳普湖县"
,,,"    伽师县"
,,,"    巴楚县"
,,,"    塔什库尔干塔吉克自治县"
,8,"和田地区","    和田市"
,,,"    和田县"
,,,"    墨玉县"
,,,"    皮山县"
,,,"    洛浦县"
,,,"    策勒县"
,,,"    于田县"
,,,"    民丰县"
,11,"伊犁哈萨克自治州","    奎屯市"
,,,"    伊犁地区"
,,,"    伊宁市"
,,,"    伊宁县"
,,,"    察布查尔锡伯自治县"
,,,"    霍城县"
,,,"    巩留县"
,,,"    新源县"
,,,"    昭苏县"
,,,"    特克斯县"
,,,"    尼勒克县"
,7,"塔城地区","    塔城市"
,,,"    乌苏市"
,,,"    额敏县"
,,,"    沙湾县"
,,,"    托里县"
,,,"    裕民县"
,,,"    和布克赛尔蒙古自治县"
,7,"阿勒泰地区","    阿勒泰市"
,,,"    布尔津县"
,,,"    富蕴县"
,,,"    福海县"
,,,"    哈巴河县"
,,,"    青河县"
,,,"    吉木乃县"
,3,"自治区直辖县","    石河子市"
,,,"    阿拉尔市"
,,,"    图木舒克市"
,,,"    五家渠市"
"台湾省",12,"台北市","中正区"
,,,"大同区"
,,,"中山区"
,,,"松山区"
,,,"大安区"
,,,"万华区"
,,,"信义区"
,,,"士林区"
,,,"北投区"
,,,"内湖区"
,,,"南岗区"
,,,"文山区"
,11,"高雄市","新兴区"
,,,"前金区"
,,,"芩雅区"
,,,"盐埕区"
,,,"鼓山区"
,,,"旗津区"
,,,"前镇区"
,,,"三民区"
,,,"左营区"
,,,"楠梓区"
,,,"小港区"
,7,"基隆市","仁爱区"
,,,"信义区"
,,,"中正区"
,,,"中山区"
,,,"安乐区"
,,,"暖暖区"
,,,"七堵区"
,8,"台中市","中区"
,,,"东区"
,,,"南区"
,,,"西区"
,,,"北区"
,,,"北屯区"
,,,"西屯区"
,,,"南屯区"
,6,"台南市","中西区"
,,,"东区"
,,,"南区"
,,,"北区"
,,,"安平区"
,,,"安南区"
,3,"新竹市","东区"
,,,"北区"
,,,"香山区"
,2,"嘉义市","东区"
,,,"西区"
,29,"台北县","板桥市"
,,,"三重市"
,,,"中和市"
,,,"永和市"
,,,"新庄市"
,,,"新店市"
,,,"树林市"
,,,"汐止市"
,,,"土城市"
,,,"泸州市"
,,,"莺歌镇"
,,,"三峡镇"
,,,"淡水镇"
,,,"瑞芳镇"
,,,"五股乡"
,,,"泰山乡"
,,,"林口乡"
,,,"深坑乡"
,,,"石碇乡"
,,,"坪林乡"
,,,"三芝乡"
,,,"石门乡"
,,,"八里乡"
,,,"平溪乡"
,,,"双溪乡"
,,,"贡寮乡"
,,,"金山乡"
,,,"万里乡"
,,,"乌来乡"
,12,"宜兰县","宜兰市"
,,,"罗东镇"
,,,"苏澳镇"
,,,"头城镇"
,,,"蕉溪乡"
,,,"壮围乡"
,,,"员山乡"
,,,"东山乡"
,,,"五结乡"
,,,"三星乡"
,,,"大同乡"
,,,"南澳乡"
,13,"新竹县","竹北市"
,,,"竹东镇"
,,,"新埔镇"
,,,"关西镇"
,,,"湖口乡"
,,,"新丰乡"
,,,"芎林乡"
,,,"横山乡"
,,,"北埔乡"
,,,"宝山乡"
,,,"峨眉乡"
,,,"尖石乡"
,,,"五峰乡"
,13,"桃园县","桃园市"
,,,"中坜市"
,,,"八德市"
,,,"平镇市"
,,,"大溪镇"
,,,"杨梅镇"
,,,"芦竹乡"
,,,"大园乡"
,,,"龟山乡"
,,,"龙潭乡"
,,,"新屋乡"
,,,"观音乡"
,,,"复兴乡"
,18,"苗栗县","苗栗县"
,,,"苑里镇"
,,,"通宵镇"
,,,"竹南镇"
,,,"头份镇"
,,,"后龙镇"
,,,"卓兰镇"
,,,"大湖乡"
,,,"公馆乡"
,,,"铜锣乡"
,,,"南庄乡"
,,,"头屋乡"
,,,"三义乡"
,,,"西湖乡"
,,,"造桥乡"
,,,"三湾乡"
,,,"师潭乡"
,,,"泰安乡"
,21,"台中县","丰原市"
,,,"太平市"
,,,"大里市"
,,,"东势镇"
,,,"大甲镇"
,,,"清水镇"
,,,"沙鹿镇"
,,,"梧栖镇"
,,,"后里乡"
,,,"神冈乡"
,,,"潭子乡"
,,,"大雅乡"
,,,"新社乡"
,,,"石冈乡"
,,,"外埔乡"
,,,"大安乡"
,,,"乌日乡"
,,,"大肚乡"
,,,"龙井乡"
,,,"雾峰乡"
,,,"和平乡"
,25,"彰化县","彰化市"
,,,"鹿港镇"
,,,"和美镇"
,,,"员林镇"
,,,"溪湖镇"
,,,"田中镇"
,,,"北斗镇"
,,,"二林镇"
,,,"线西乡"
,,,"伸港乡"
,,,"福兴乡"
,,,"秀水乡"
,,,"花坛乡"
,,,"芬园乡"
,,,"大村乡"
,,,"埔盐乡"
,,,"埔心乡"
,,,"永靖乡"
,,,"设头乡"
,,,"二水乡"
,,,"田尾乡"
,,,"埤头乡"
,,,"芳苑乡"
,,,"大城乡"
,,,"竹塘乡"
,,,"溪州乡"
,13,"南投县","南投市"
,,,"埔里镇"
,,,"草屯镇"
,,,"竹山镇"
,,,"集集镇"
,,,"名间乡"
,,,"鹿谷乡"
,,,"中寮乡"
,,,"鱼池乡"
,,,"国姓乡"
,,,"水里乡"
,,,"信义乡"
,,,"仁爱乡"
,18,"嘉义县","太保市"
,,,"朴子市"
,,,"布袋镇"
,,,"大林镇"
,,,"民雄乡"
,,,"溪口乡"
,,,"新港乡"
,,,"六脚乡"
,,,"东石乡"
,,,"义竹乡"
,,,"鹿草乡"
,,,"水上乡"
,,,"中埔乡"
,,,"竹崎乡"
,,,"梅山乡"
,,,"番路乡"
,,,"大埔乡"
,,,"阿里山乡"
,20,"云林县","斗六市"
,,,"斗南镇"
,,,"虎尾镇"
,,,"西螺镇"
,,,"土库镇"
,,,"北港镇"
,,,"古坑镇"
,,,"大埤乡"
,,,"莿桐乡"
,,,"林内乡"
,,,"二仑乡"
,,,"仑背乡"
,,,"麦寮乡"
,,,"东势乡"
,,,"褒忠乡"
,,,"台西乡"
,,,"元长乡"
,,,"四湖乡"
,,,"口湖乡"
,,,"水林乡"
,31,"台南县","新营市"
,,,"永康市"
,,,"盐水镇"
,,,"白河镇"
,,,"麻豆镇"
,,,"新化镇"
,,,"善化镇"
,,,"佳里镇"
,,,"学甲镇"
,,,"柳营乡"
,,,"后壁乡"
,,,"东山乡"
,,,"下营乡"
,,,"六甲乡"
,,,"官田乡"
,,,"大内乡"
,,,"西港乡"
,,,"七股乡"
,,,"将军乡"
,,,"北门乡"
,,,"新市乡"
,,,"安定乡"
,,,"山上乡"
,,,"玉井乡"
,,,"楠西乡"
,,,"南化乡"
,,,"左镇乡"
,,,"仁德乡"
,,,"归仁乡"
,,,"关庙乡"
,,,"龙崎乡"
,27,"高雄县","凤山市"
,,,"冈山镇"
,,,"旗山镇"
,,,"美浓镇"
,,,"林园乡"
,,,"大寮乡"
,,,"大树乡"
,,,"大社乡"
,,,"仁武乡"
,,,"鸟松乡"
,,,"桥头乡"
,,,"燕巢乡"
,,,"田寮乡"
,,,"阿莲乡"
,,,"路竹乡"
,,,"湖内乡"
,,,"茄萣乡"
,,,"永安乡"
,,,"弥陀乡"
,,,"梓官乡"
,,,"六龟乡"
,,,"甲仙乡"
,,,"杉林乡"
,,,"内门乡"
,,,"茂林乡"
,,,"桃源乡"
,,,"三民乡"
,33,"屏东县","屏东市"
,,,"潮州镇"
,,,"东港镇"
,,,"恒春镇"
,,,"万丹乡"
,,,"长治乡"
,,,"麟洛乡"
,,,"九如乡"
,,,"里港乡"
,,,"盐埔乡"
,,,"高树乡"
,,,"万峦乡"
,,,"内埔乡"
,,,"竹田乡"
,,,"新埤乡"
,,,"枋寮乡"
,,,"新园乡"
,,,"崁顶乡"
,,,"林边乡"
,,,"南州乡"
,,,"佳冬乡"
,,,"琉球乡"
,,,"车城乡"
,,,"满洲乡"
,,,"枋山乡"
,,,"三地门乡"
,,,"雾台乡"
,,,"玛家乡"
,,,"泰武乡"
,,,"来义乡"
,,,"春日乡"
,,,"狮子乡"
,,,"牡丹乡"
,16,"台东县","台东市"
,,,"成功镇"
,,,"关山镇"
,,,"卑南乡"
,,,"鹿野乡"
,,,"池上乡"
,,,"东河乡"
,,,"长滨乡"
,,,"太麻里乡"
,,,"大武乡"
,,,"绿岛乡"
,,,"海端乡"
,,,"延平乡"
,,,"金峰乡"
,,,"达仁乡"
,,,"兰屿乡"
,13,"花莲县","花莲市"
,,,"凤林镇"
,,,"玉里镇"
,,,"新城乡"
,,,"吉安乡"
,,,"寿丰乡"
,,,"光复乡"
,,,"丰滨乡"
,,,"瑞穗乡"
,,,"富里乡"
,,,"秀林乡"
,,,"万荣乡"
,,,"卓溪乡"
,6,"澎湖县","马公市"
,,,"湖西乡"
,,,"白沙乡"
,,,"西屿乡"
,,,"望安乡"
,,,"七美乡"
"香港",4,"香港岛","中西区"
,,,"湾仔区"
,,,"东区"
,,,"南区"
,5,"九龙","油尖旺区"
,,,"深水埗区"
,,,"九龙城区"
,,,"黄大仙区"
,,,"观塘区"
,9,"新界","北区"
,,,"大埔区"
,,,"沙田区"
,,,"西贡区"
,,,"荃湾区"
,,,"屯门区"
,,,"元朗区"
,,,"葵青区"
,,,"离岛区"
"澳门",5,"澳门半岛","花地玛堂区"
,,,"圣安多尼堂区"
,,,"大堂区"
,,,"望德堂区"
,,,"风顺堂区"
,2,"澳门离岛","嘉模堂区"
,,,"圣方济各堂区"
,1,"路氹城",
